Animal,Body Weight,Breed,Time
2,463,Angus,first
2,468.893965527545,Angus,second
2,467.87530181087357,Angus,third
5,496,Simmental,first
5,495.00331525580947,Simmental,second
5,493.65633672068293,Simmental,third
7,518,Limousin,first
7,509.32206216805395,Limousin,second
7,506.5957643353852,Limousin,third
10,541,Limousin,first
10,547.3608903574116,Limousin,second
10,533.9288164775115,Limousin,third
